fy_year,vintage,region,value
2025,2024-08,NSW,6.19177995474398
2026,2024-08,NSW,8.91896629153048
2027,2024-08,NSW,6.15084682791818
2028,2024-08,NSW,6.05671597331734
2029,2024-08,NSW,8.30858445470104
2030,2024-08,NSW,5.15869567702076
2031,2024-08,NSW,3.9890706836199
2032,2024-08,NSW,5.07632073637268
2033,2024-08,NSW,4.94255748252606
2034,2024-08,NSW,5.41611595172274
2035,2024-08,NSW,5.66126182246344
2036,2024-08,NSW,8.07120417914498
2037,2024-08,NSW,8.34842888002453
2038,2024-08,NSW,8.93302751712113
2039,2024-08,NSW,9.18772859186051
2040,2024-08,NSW,9.40820877687156
2041,2024-08,NSW,6.79503442495082
2042,2024-08,NSW,7.23155524411773
2043,2024-08,NSW,7.29397639867586
2044,2024-08,NSW,7.56911034054529
2045,2024-08,NSW,9.4925306957739
2046,2024-08,NSW,9.07690108577332
2047,2024-08,NSW,9.03902566531124
2048,2024-08,NSW,8.8934990682572
2049,2024-08,NSW,9.60180290617518
2050,2024-08,NSW,8.64347651114024
2051,2024-08,NSW,9.34970408673171
2052,2024-08,NSW,8.97998237308529
2053,2024-08,NSW,8.64288555707598
2054,2024-08,NSW,8.46426899283178
2055,2024-08,NSW,8.83897772692992
2056,2024-08,NSW,8.52104750197026
2057,2024-08,NSW,8.80414667618174
2058,2024-08,NSW,8.88398026603806
2059,2024-08,NSW,8.42662012821531
2060,2024-08,NSW,8.40138721818792
2025,2024-08,QLD,8.4764500768159
2026,2024-08,QLD,7.74128713169603
2027,2024-08,QLD,8.20651680601247
2028,2024-08,QLD,8.41620372513861
2029,2024-08,QLD,9.0960625653571
2030,2024-08,QLD,9.12815206971344
2031,2024-08,QLD,8.15049849995853
2032,2024-08,QLD,6.01343364696074
2033,2024-08,QLD,6.54118963628173
2034,2024-08,QLD,7.03948189912897
2035,2024-08,QLD,7.63512893462129
2036,2024-08,QLD,9.87195439467028
2037,2024-08,QLD,9.67895612807469
2038,2024-08,QLD,9.63995006146205
2039,2024-08,QLD,8.99514099789315
2040,2024-08,QLD,8.34387349557515
2041,2024-08,QLD,8.5889907909657
2042,2024-08,QLD,8.24241044363025
2043,2024-08,QLD,7.95281229016759
2044,2024-08,QLD,7.09687405126328
2045,2024-08,QLD,6.79746389298426
2046,2024-08,QLD,6.59500514387331
2047,2024-08,QLD,6.24584590157619
2048,2024-08,QLD,5.81617131553782
2049,2024-08,QLD,5.31614510375801
2050,2024-08,QLD,7.74995066563541
2051,2024-08,QLD,7.58074088466017
2052,2024-08,QLD,7.10088115459614
2053,2024-08,QLD,7.72356366001292
2054,2024-08,QLD,7.85154388500426
2055,2024-08,QLD,7.57923176161286
2056,2024-08,QLD,7.4006344600663
2057,2024-08,QLD,8.13147913328063
2058,2024-08,QLD,8.30501006997626
2059,2024-08,QLD,8.36675417906179
2060,2024-08,QLD,8.53586259055375
2025,2024-08,SA,9.0182404545526
2026,2024-08,SA,8.16270199143932
2027,2024-08,SA,11.3678836268252
2028,2024-08,SA,5.71524750334119
2029,2024-08,SA,7.18211620098685
2030,2024-08,SA,7.11590444276285
2031,2024-08,SA,7.41099948396425
2032,2024-08,SA,7.85197137632696
2033,2024-08,SA,8.48962280099811
2034,2024-08,SA,8.48104545564024
2035,2024-08,SA,8.42271458821438
2036,2024-08,SA,9.90217078279191
2037,2024-08,SA,9.34063303346331
2038,2024-08,SA,9.72394154026424
2039,2024-08,SA,10.0783656620093
2040,2024-08,SA,9.97837366252622
2041,2024-08,SA,10.1902957249084
2042,2024-08,SA,8.41928035351105
2043,2024-08,SA,8.92178646726865
2044,2024-08,SA,9.77836475588742
2045,2024-08,SA,8.67776551678647
2046,2024-08,SA,8.94102456341435
2047,2024-08,SA,8.91811671049208
2048,2024-08,SA,10.7888878815502
2049,2024-08,SA,10.9656076241806
2050,2024-08,SA,10.8162739293166
2051,2024-08,SA,10.9278706315282
2052,2024-08,SA,12.1204051238763
2053,2024-08,SA,11.11224436325
2054,2024-08,SA,11.0533418084108
2055,2024-08,SA,11.2192444925725
2056,2024-08,SA,11.7136397603509
2057,2024-08,SA,11.1134622430037
2058,2024-08,SA,10.7956172918599
2059,2024-08,SA,11.2169880818855
2060,2024-08,SA,11.9533821191652
2025,2024-08,TAS,2.46835284764028
2026,2024-08,TAS,2.34389643659561
2027,2024-08,TAS,2.23051908717833
2028,2024-08,TAS,2.29030935808273
2029,2024-08,TAS,2.48418591985181
2030,2024-08,TAS,2.49263699198673
2031,2024-08,TAS,2.48229008333081
2032,2024-08,TAS,2.18828099421736
2033,2024-08,TAS,2.17332829250518
2034,2024-08,TAS,2.17463015530086
2035,2024-08,TAS,2.05955345792251
2036,2024-08,TAS,1.89867450348494
2037,2024-08,TAS,2.224533947172
2038,2024-08,TAS,2.15581314697373
2039,2024-08,TAS,1.99171264639537
2040,2024-08,TAS,1.95146938995976
2041,2024-08,TAS,2.02002520034706
2042,2024-08,TAS,2.02098736351743
2043,2024-08,TAS,2.02557870729679
2044,2024-08,TAS,1.94311020197614
2045,2024-08,TAS,1.97569282836859
2046,2024-08,TAS,1.9330855490623
2047,2024-08,TAS,1.92640463602432
2048,2024-08,TAS,2.28498830489103
2049,2024-08,TAS,2.61435003077126
2050,2024-08,TAS,2.16963616927994
2051,2024-08,TAS,2.36947693329706
2052,2024-08,TAS,2.45739368929548
2053,2024-08,TAS,2.48700361453917
2054,2024-08,TAS,2.41833459550756
2055,2024-08,TAS,2.56996299606954
2056,2024-08,TAS,2.47509871991172
2057,2024-08,TAS,2.60904430085743
2058,2024-08,TAS,2.58422694903215
2059,2024-08,TAS,2.61077118087517
2060,2024-08,TAS,2.58938864147019
2025,2024-08,VIC,5.52336116878911
2026,2024-08,VIC,5.77468589832407
2027,2024-08,VIC,4.01880051296847
2028,2024-08,VIC,3.86344624270342
2029,2024-08,VIC,4.94909474123967
2030,2024-08,VIC,3.26662805645485
2031,2024-08,VIC,3.11823763738826
2032,2024-08,VIC,3.04282507774569
2033,2024-08,VIC,2.14587231315798
2034,2024-08,VIC,2.26108106978216
2035,2024-08,VIC,2.26015464899836
2036,2024-08,VIC,7.82125282830778
2037,2024-08,VIC,8.15520036214486
2038,2024-08,VIC,6.89098384028755
2039,2024-08,VIC,6.81440476970115
2040,2024-08,VIC,11.113070233688
2041,2024-08,VIC,9.51380571320493
2042,2024-08,VIC,11.8097512910981
2043,2024-08,VIC,10.7289248343202
2044,2024-08,VIC,11.8597275212779
2045,2024-08,VIC,9.76464744103738
2046,2024-08,VIC,8.70974660725699
2047,2024-08,VIC,9.08743690047332
2048,2024-08,VIC,9.75767210659763
2049,2024-08,VIC,9.92878016747739
2050,2024-08,VIC,8.2795102816255
2051,2024-08,VIC,8.98059973145684
2052,2024-08,VIC,9.49837599187509
2053,2024-08,VIC,9.25688655185271
2054,2024-08,VIC,9.26905142124702
2055,2024-08,VIC,9.27307559712793
2056,2024-08,VIC,9.82109732584986
2057,2024-08,VIC,9.54019415491358
2058,2024-08,VIC,10.2847335978853
2059,2024-08,VIC,10.3382844593577
2060,2024-08,VIC,10.2126065601159
2025,2025-01,NSW,8.05
2026,2025-01,NSW,11.24
2027,2025-01,NSW,5.83
2028,2025-01,NSW,5.67
2029,2025-01,NSW,7.11
2030,2025-01,NSW,5.18
2031,2025-01,NSW,4.29
2032,2025-01,NSW,4.86
2033,2025-01,NSW,5.32
2034,2025-01,NSW,5.21
2035,2025-01,NSW,5.71
2036,2025-01,NSW,7.75
2037,2025-01,NSW,8.71
2038,2025-01,NSW,9.0
2039,2025-01,NSW,9.16
2040,2025-01,NSW,9.06
2041,2025-01,NSW,6.83
2042,2025-01,NSW,7.03
2043,2025-01,NSW,7.13
2044,2025-01,NSW,7.81
2045,2025-01,NSW,8.37
2046,2025-01,NSW,8.14
2047,2025-01,NSW,7.99
2048,2025-01,NSW,8.48
2049,2025-01,NSW,8.62
2050,2025-01,NSW,8.11
2051,2025-01,NSW,8.33
2052,2025-01,NSW,8.37
2053,2025-01,NSW,8.37
2054,2025-01,NSW,8.36
2055,2025-01,NSW,8.71
2056,2025-01,NSW,7.86
2057,2025-01,NSW,8.66
2058,2025-01,NSW,8.28
2059,2025-01,NSW,8.2
2060,2025-01,NSW,8.09
2025,2025-01,QLD,9.83
2026,2025-01,QLD,8.46
2027,2025-01,QLD,8.08
2028,2025-01,QLD,8.82
2029,2025-01,QLD,9.1
2030,2025-01,QLD,9.08
2031,2025-01,QLD,8.24
2032,2025-01,QLD,6.32
2033,2025-01,QLD,6.54
2034,2025-01,QLD,6.5
2035,2025-01,QLD,6.97
2036,2025-01,QLD,9.01
2037,2025-01,QLD,9.3
2038,2025-01,QLD,8.7
2039,2025-01,QLD,8.37
2040,2025-01,QLD,8.09
2041,2025-01,QLD,8.47
2042,2025-01,QLD,7.79
2043,2025-01,QLD,7.57
2044,2025-01,QLD,6.59
2045,2025-01,QLD,6.3
2046,2025-01,QLD,6.15
2047,2025-01,QLD,5.91
2048,2025-01,QLD,5.21
2049,2025-01,QLD,4.81
2050,2025-01,QLD,6.47
2051,2025-01,QLD,6.56
2052,2025-01,QLD,6.37
2053,2025-01,QLD,7.08
2054,2025-01,QLD,7.08
2055,2025-01,QLD,7.08
2056,2025-01,QLD,6.85
2057,2025-01,QLD,7.44
2058,2025-01,QLD,7.11
2059,2025-01,QLD,7.69
2060,2025-01,QLD,7.72
2025,2025-01,SA,9.85
2026,2025-01,SA,7.85
2027,2025-01,SA,9.11
2028,2025-01,SA,5.17
2029,2025-01,SA,5.39
2030,2025-01,SA,5.53
2031,2025-01,SA,5.69
2032,2025-01,SA,6.01
2033,2025-01,SA,6.56
2034,2025-01,SA,6.59
2035,2025-01,SA,6.57
2036,2025-01,SA,8.01
2037,2025-01,SA,8.59
2038,2025-01,SA,8.61
2039,2025-01,SA,9.03
2040,2025-01,SA,9.68
2041,2025-01,SA,9.16
2042,2025-01,SA,6.48
2043,2025-01,SA,6.09
2044,2025-01,SA,7.83
2045,2025-01,SA,6.18
2046,2025-01,SA,6.52
2047,2025-01,SA,6.4
2048,2025-01,SA,9.77
2049,2025-01,SA,8.62
2050,2025-01,SA,7.95
2051,2025-01,SA,7.97
2052,2025-01,SA,9.22
2053,2025-01,SA,7.77
2054,2025-01,SA,8.62
2055,2025-01,SA,8.91
2056,2025-01,SA,9.79
2057,2025-01,SA,9.56
2058,2025-01,SA,9.75
2059,2025-01,SA,9.62
2060,2025-01,SA,10.07
2025,2025-01,VIC,2.36
2026,2025-01,VIC,2.38
2027,2025-01,VIC,2.32
2028,2025-01,VIC,2.39
2029,2025-01,VIC,2.68
2030,2025-01,VIC,2.54
2031,2025-01,VIC,2.46
2032,2025-01,VIC,2.11
2033,2025-01,VIC,2.24
2034,2025-01,VIC,2.07
2035,2025-01,VIC,2.07
2036,2025-01,VIC,1.99
2037,2025-01,VIC,2.22
2038,2025-01,VIC,2.19
2039,2025-01,VIC,2.18
2040,2025-01,VIC,2.06
2041,2025-01,VIC,2.07
2042,2025-01,VIC,2.04
2043,2025-01,VIC,2.04
2044,2025-01,VIC,1.95
2045,2025-01,VIC,2.01
2046,2025-01,VIC,2.01
2047,2025-01,VIC,1.87
2048,2025-01,VIC,2.28
2049,2025-01,VIC,2.28
2050,2025-01,VIC,2.17
2051,2025-01,VIC,2.24
2052,2025-01,VIC,2.05
2053,2025-01,VIC,2.18
2054,2025-01,VIC,2.2
2055,2025-01,VIC,2.22
2056,2025-01,VIC,2.16
2057,2025-01,VIC,2.23
2058,2025-01,VIC,2.2
2059,2025-01,VIC,2.2
2060,2025-01,VIC,2.11
2025,2025-01,TAS,6.62
2026,2025-01,TAS,5.66
2027,2025-01,TAS,4.02
2028,2025-01,TAS,3.98
2029,2025-01,TAS,3.95
2030,2025-01,TAS,2.8
2031,2025-01,TAS,2.6
2032,2025-01,TAS,3.0
2033,2025-01,TAS,2.26
2034,2025-01,TAS,2.16
2035,2025-01,TAS,2.57
2036,2025-01,TAS,8.45
2037,2025-01,TAS,8.63
2038,2025-01,TAS,9.31
2039,2025-01,TAS,7.78
2040,2025-01,TAS,11.84
2041,2025-01,TAS,11.06
2042,2025-01,TAS,12.63
2043,2025-01,TAS,12.43
2044,2025-01,TAS,10.83
2045,2025-01,TAS,8.44
2046,2025-01,TAS,7.83
2047,2025-01,TAS,7.71
2048,2025-01,TAS,7.92
2049,2025-01,TAS,8.08
2050,2025-01,TAS,7.7
2051,2025-01,TAS,7.76
2052,2025-01,TAS,7.6
2053,2025-01,TAS,8.06
2054,2025-01,TAS,8.17
2055,2025-01,TAS,8.36
2056,2025-01,TAS,8.29
2057,2025-01,TAS,8.55
2058,2025-01,TAS,8.7
2059,2025-01,TAS,8.62
2060,2025-01,TAS,8.41
2026,2025-07,NSW,13.6714688923724
2027,2025-07,NSW,8.33717566805144
2028,2025-07,NSW,7.75000475037895
2029,2025-07,NSW,8.52104741430603
2030,2025-07,NSW,8.32995610003863
2031,2025-07,NSW,4.58334383008571
2032,2025-07,NSW,5.74259466516703
2033,2025-07,NSW,7.31789872893563
2034,2025-07,NSW,6.99504153422032
2035,2025-07,NSW,7.77320897236547
2036,2025-07,NSW,7.92882011971784
2037,2025-07,NSW,8.19262475061729
2038,2025-07,NSW,9.13992931328755
2039,2025-07,NSW,9.85377861658358
2040,2025-07,NSW,10.1960196417188
2041,2025-07,NSW,10.2394480714478
2042,2025-07,NSW,9.63866382061972
2043,2025-07,NSW,10.0769394392161
2044,2025-07,NSW,9.64936112564656
2045,2025-07,NSW,9.90305597197085
2046,2025-07,NSW,9.98108428378757
2047,2025-07,NSW,10.0167516704846
2048,2025-07,NSW,9.68640436007243
2049,2025-07,NSW,9.4414911629866
2050,2025-07,NSW,9.43161133701909
2051,2025-07,NSW,9.03223456041625
2052,2025-07,NSW,8.94503657770011
2053,2025-07,NSW,8.74535648299552
2054,2025-07,NSW,9.1790121832735
2055,2025-07,NSW,9.22323503906125
2056,2025-07,NSW,9.74609597309147
2057,2025-07,NSW,9.26264626985269
2058,2025-07,NSW,9.10001697872581
2059,2025-07,NSW,9.04121578406239
2060,2025-07,NSW,9.39226485675938
2026,2025-07,QLD,8.1474552246945
2027,2025-07,QLD,7.76855758318927
2028,2025-07,QLD,7.11766201144376
2029,2025-07,QLD,8.10758457874374
2030,2025-07,QLD,8.78188644344735
2031,2025-07,QLD,8.79564504620595
2032,2025-07,QLD,9.4809976141667
2033,2025-07,QLD,9.79896035089527
2034,2025-07,QLD,9.26297769211465
2035,2025-07,QLD,9.42109542119611
2036,2025-07,QLD,6.50036002300176
2037,2025-07,QLD,6.94949904696557
2038,2025-07,QLD,7.13252143473071
2039,2025-07,QLD,7.79177431135146
2040,2025-07,QLD,7.24716713648318
2041,2025-07,QLD,7.18830953243458
2042,2025-07,QLD,6.5434498275514
2043,2025-07,QLD,6.35954234926164
2044,2025-07,QLD,6.62687193505129
2045,2025-07,QLD,5.9222252894047
2046,2025-07,QLD,6.00107981046648
2047,2025-07,QLD,5.9145636704811
2048,2025-07,QLD,5.51321703656065
2049,2025-07,QLD,5.65030482262327
2050,2025-07,QLD,5.43456320767908
2051,2025-07,QLD,5.49923192321755
2052,2025-07,QLD,5.16468747302793
2053,2025-07,QLD,5.77048230395395
2054,2025-07,QLD,5.56061583609869
2055,2025-07,QLD,5.65225737101255
2056,2025-07,QLD,5.57579383943739
2057,2025-07,QLD,6.27252849249885
2058,2025-07,QLD,5.83354802373535
2059,2025-07,QLD,5.68803185187628
2060,2025-07,QLD,5.54156423755697
2026,2025-07,SA,11.4146673998399
2027,2025-07,SA,14.0469773110079
2028,2025-07,SA,6.99549580125084
2029,2025-07,SA,8.46939954215956
2030,2025-07,SA,8.36221152910529
2031,2025-07,SA,8.60778718599868
2032,2025-07,SA,8.90625607051059
2033,2025-07,SA,8.44043754346955
2034,2025-07,SA,7.63100834663364
2035,2025-07,SA,7.60110879016732
2036,2025-07,SA,7.6916326621316
2037,2025-07,SA,7.92474639429579
2038,2025-07,SA,7.61839720217809
2039,2025-07,SA,7.6644195617896
2040,2025-07,SA,7.38515614628898
2041,2025-07,SA,7.67437799586632
2042,2025-07,SA,7.17370925664016
2043,2025-07,SA,7.04399358377929
2044,2025-07,SA,6.62159983792862
2045,2025-07,SA,6.79413964527458
2046,2025-07,SA,6.9039286695618
2047,2025-07,SA,6.83076924297245
2048,2025-07,SA,6.44913889189092
2049,2025-07,SA,6.80254581264127
2050,2025-07,SA,5.7407961646327
2051,2025-07,SA,5.81249811173361
2052,2025-07,SA,6.29282268361532
2053,2025-07,SA,5.72674687043505
2054,2025-07,SA,5.85209449323261
2055,2025-07,SA,5.88702286036098
2056,2025-07,SA,6.42314388227529
2057,2025-07,SA,6.37028719582169
2058,2025-07,SA,6.57978494171639
2059,2025-07,SA,7.24048024684069
2060,2025-07,SA,6.74716801562403
2026,2025-07,VIC,7.20566643984124
2027,2025-07,VIC,4.95948775428432
2028,2025-07,VIC,3.98629686475432
2029,2025-07,VIC,4.3527173137262
2030,2025-07,VIC,3.77089620605793
2031,2025-07,VIC,3.74248483889212
2032,2025-07,VIC,3.99871134477318
2033,2025-07,VIC,3.77474413872885
2034,2025-07,VIC,3.76504030564411
2035,2025-07,VIC,3.78418945508517
2036,2025-07,VIC,5.47775568226677
2037,2025-07,VIC,6.4375705209574
2038,2025-07,VIC,7.70196567265598
2039,2025-07,VIC,8.73530943389701
2040,2025-07,VIC,9.86660106494827
2041,2025-07,VIC,8.75543948092673
2042,2025-07,VIC,9.00954296541825
2043,2025-07,VIC,9.43171250383996
2044,2025-07,VIC,10.4500151109605
2045,2025-07,VIC,10.2545098808449
2046,2025-07,VIC,10.2261004360082
2047,2025-07,VIC,10.6237910269209
2048,2025-07,VIC,10.1480007160116
2049,2025-07,VIC,10.2237449889593
2050,2025-07,VIC,10.1714689219782
2051,2025-07,VIC,10.2038854949538
2052,2025-07,VIC,10.3674546001691
2053,2025-07,VIC,10.2606999836481
2054,2025-07,VIC,10.4363192173395
2055,2025-07,VIC,10.5185223583822
2056,2025-07,VIC,10.6690755520528
2057,2025-07,VIC,10.6948258554064
2058,2025-07,VIC,10.6932035092609
2059,2025-07,VIC,10.9913357833102
2060,2025-07,VIC,12.7447502602686
2026,2025-07,TAS,2.60677046843341
2027,2025-07,TAS,2.38538930253306
2028,2025-07,TAS,2.29827479317861
2029,2025-07,TAS,2.12652080689933
2030,2025-07,TAS,1.9750373908187
2031,2025-07,TAS,1.84469549131544
2032,2025-07,TAS,1.8400683386411
2033,2025-07,TAS,1.56424077646709
2034,2025-07,TAS,1.63554202341386
2035,2025-07,TAS,1.60094045783127
2036,2025-07,TAS,1.90146537401768
2037,2025-07,TAS,1.72616804714689
2038,2025-07,TAS,1.61472217941944
2039,2025-07,TAS,1.65442621092855
2040,2025-07,TAS,1.67470332622151
2041,2025-07,TAS,1.98942675296319
2042,2025-07,TAS,2.20173780196695
2043,2025-07,TAS,2.13085666186303
2044,2025-07,TAS,2.03528173615734
2045,2025-07,TAS,2.35645303435789
2046,2025-07,TAS,2.34497557915959
2047,2025-07,TAS,2.41484524558681
2048,2025-07,TAS,2.296571883381
2049,2025-07,TAS,2.34086490194158
2050,2025-07,TAS,2.42374931392364
2051,2025-07,TAS,2.35397337696669
2052,2025-07,TAS,2.03195147081375
2053,2025-07,TAS,2.21630468040204
2054,2025-07,TAS,2.41304666306708
2055,2025-07,TAS,2.44474550495627
2056,2025-07,TAS,2.17494760198037
2057,2025-07,TAS,2.42106796426244
2058,2025-07,TAS,2.42939091939506
2059,2025-07,TAS,2.37914287984219
2060,2025-07,TAS,2.15638154762522
2024,2024-05,NSW,12.49
2025,2024-05,NSW,6.2
2026,2024-05,NSW,9.05
2027,2024-05,NSW,6.16
2028,2024-05,NSW,6.41
2029,2024-05,NSW,8.46
2030,2024-05,NSW,5.13
2031,2024-05,NSW,4.33
2032,2024-05,NSW,4.78
2033,2024-05,NSW,4.61
2034,2024-05,NSW,5.18
2035,2024-05,NSW,5.17
2036,2024-05,NSW,7.74
2037,2024-05,NSW,8.11
2038,2024-05,NSW,8.63
2039,2024-05,NSW,8.95
2040,2024-05,NSW,9.59
2041,2024-05,NSW,6.84
2042,2024-05,NSW,7.36
2043,2024-05,NSW,7.25
2044,2024-05,NSW,7.73
2045,2024-05,NSW,8.82
2046,2024-05,NSW,8.7
2047,2024-05,NSW,8.8
2048,2024-05,NSW,9.31
2049,2024-05,NSW,9.62
2050,2024-05,NSW,8.75
2051,2024-05,NSW,9.13
2052,2024-05,NSW,8.75
2053,2024-05,NSW,8.67
2054,2024-05,NSW,8.62
2055,2024-05,NSW,8.66
2056,2024-05,NSW,8.99
2057,2024-05,NSW,8.9
2058,2024-05,NSW,8.92
2059,2024-05,NSW,8.82
2060,2024-05,NSW,8.45
2024,2024-05,QLD,11.64
2025,2024-05,QLD,9.21
2026,2024-05,QLD,8.95
2027,2024-05,QLD,8.96
2028,2024-05,QLD,9.84
2029,2024-05,QLD,10.06
2030,2024-05,QLD,9.79
2031,2024-05,QLD,8.81
2032,2024-05,QLD,6.44
2033,2024-05,QLD,5.57
2034,2024-05,QLD,7.2
2035,2024-05,QLD,7.36
2036,2024-05,QLD,10.91
2037,2024-05,QLD,11.37
2038,2024-05,QLD,11.36
2039,2024-05,QLD,9.99
2040,2024-05,QLD,9.12
2041,2024-05,QLD,9.56
2042,2024-05,QLD,8.66
2043,2024-05,QLD,8.6
2044,2024-05,QLD,7.87
2045,2024-05,QLD,7.29
2046,2024-05,QLD,7.2
2047,2024-05,QLD,6.43
2048,2024-05,QLD,6.21
2049,2024-05,QLD,5.61
2050,2024-05,QLD,8.0
2051,2024-05,QLD,8.1
2052,2024-05,QLD,7.68
2053,2024-05,QLD,8.21
2054,2024-05,QLD,8.42
2055,2024-05,QLD,8.08
2056,2024-05,QLD,7.49
2057,2024-05,QLD,8.83
2058,2024-05,QLD,8.54
2059,2024-05,QLD,8.69
2060,2024-05,QLD,8.42
2024,2024-05,SA,9.12
2025,2024-05,SA,8.81
2026,2024-05,SA,7.65
2027,2024-05,SA,6.37
2028,2024-05,SA,5.45
2029,2024-05,SA,6.72
2030,2024-05,SA,6.25
2031,2024-05,SA,7.23
2032,2024-05,SA,6.88
2033,2024-05,SA,8.67
2034,2024-05,SA,8.45
2035,2024-05,SA,8.3
2036,2024-05,SA,10.12
2037,2024-05,SA,9.28
2038,2024-05,SA,10.1
2039,2024-05,SA,10.09
2040,2024-05,SA,9.93
2041,2024-05,SA,10.1
2042,2024-05,SA,7.65
2043,2024-05,SA,8.52
2044,2024-05,SA,9.78
2045,2024-05,SA,9.06
2046,2024-05,SA,9.08
2047,2024-05,SA,9.15
2048,2024-05,SA,10.86
2049,2024-05,SA,10.81
2050,2024-05,SA,10.61
2051,2024-05,SA,10.86
2052,2024-05,SA,11.36
2053,2024-05,SA,10.45
2054,2024-05,SA,10.57
2055,2024-05,SA,10.59
2056,2024-05,SA,11.28
2057,2024-05,SA,10.78
2058,2024-05,SA,10.93
2059,2024-05,SA,11.33
2060,2024-05,SA,12.1
2024,2024-05,VIC,8.23
2025,2024-05,VIC,6.19
2026,2024-05,VIC,5.0
2027,2024-05,VIC,4.46
2028,2024-05,VIC,3.9
2029,2024-05,VIC,5.11
2030,2024-05,VIC,3.53
2031,2024-05,VIC,3.49
2032,2024-05,VIC,2.92
2033,2024-05,VIC,1.79
2034,2024-05,VIC,2.39
2035,2024-05,VIC,2.4
2036,2024-05,VIC,8.88
2037,2024-05,VIC,8.43
2038,2024-05,VIC,8.33
2039,2024-05,VIC,7.59
2040,2024-05,VIC,11.38
2041,2024-05,VIC,10.37
2042,2024-05,VIC,11.8
2043,2024-05,VIC,11.82
2044,2024-05,VIC,11.36
2045,2024-05,VIC,8.97
2046,2024-05,VIC,8.96
2047,2024-05,VIC,8.94
2048,2024-05,VIC,9.07
2049,2024-05,VIC,9.02
2050,2024-05,VIC,8.75
2051,2024-05,VIC,9.04
2052,2024-05,VIC,9.26
2053,2024-05,VIC,9.24
2054,2024-05,VIC,9.37
2055,2024-05,VIC,9.5
2056,2024-05,VIC,9.43
2057,2024-05,VIC,9.33
2058,2024-05,VIC,9.09
2059,2024-05,VIC,9.54
2060,2024-05,VIC,9.82
2024,2024-05,TAS,2.73
2025,2024-05,TAS,2.41
2026,2024-05,TAS,2.36
2027,2024-05,TAS,2.38
2028,2024-05,TAS,2.36
2029,2024-05,TAS,2.59
2030,2024-05,TAS,2.5
2031,2024-05,TAS,2.51
2032,2024-05,TAS,2.21
2033,2024-05,TAS,2.14
2034,2024-05,TAS,2.06
2035,2024-05,TAS,2.2
2036,2024-05,TAS,1.91
2037,2024-05,TAS,2.21
2038,2024-05,TAS,2.13
2039,2024-05,TAS,1.98
2040,2024-05,TAS,1.95
2041,2024-05,TAS,2.01
2042,2024-05,TAS,2.01
2043,2024-05,TAS,2.01
2044,2024-05,TAS,1.82
2045,2024-05,TAS,1.94
2046,2024-05,TAS,1.91
2047,2024-05,TAS,1.9
2048,2024-05,TAS,2.21
2049,2024-05,TAS,2.21
2050,2024-05,TAS,2.07
2051,2024-05,TAS,2.14
2052,2024-05,TAS,2.19
2053,2024-05,TAS,2.31
2054,2024-05,TAS,2.33
2055,2024-05,TAS,2.43
2056,2024-05,TAS,2.45
2057,2024-05,TAS,2.51
2058,2024-05,TAS,2.48
2059,2024-05,TAS,2.62
2060,2024-05,TAS,2.56
2025,2024-11,NSW,6.59
2026,2024-11,NSW,9.11
2027,2024-11,NSW,6.01
2028,2024-11,NSW,5.57
2029,2024-11,NSW,7.56
2030,2024-11,NSW,5.34
2031,2024-11,NSW,4.33
2032,2024-11,NSW,5.07
2033,2024-11,NSW,5.42
2034,2024-11,NSW,5.14
2035,2024-11,NSW,5.72
2036,2024-11,NSW,7.71
2037,2024-11,NSW,8.84
2038,2024-11,NSW,9.32
2039,2024-11,NSW,9.23
2040,2024-11,NSW,9.21
2041,2024-11,NSW,6.71
2042,2024-11,NSW,7.05
2043,2024-11,NSW,7.08
2044,2024-11,NSW,7.49
2045,2024-11,NSW,8.48
2046,2024-11,NSW,8.5
2047,2024-11,NSW,8.88
2048,2024-11,NSW,8.93
2049,2024-11,NSW,9.07
2050,2024-11,NSW,8.09
2051,2024-11,NSW,8.3
2052,2024-11,NSW,8.47
2053,2024-11,NSW,7.86
2054,2024-11,NSW,8.33
2055,2024-11,NSW,8.35
2056,2024-11,NSW,7.77
2057,2024-11,NSW,8.47
2058,2024-11,NSW,8.26
2059,2024-11,NSW,8.18
2060,2024-11,NSW,8.09
2025,2024-11,QLD,9.01
2026,2024-11,QLD,7.95
2027,2024-11,QLD,7.93
2028,2024-11,QLD,8.56
2029,2024-11,QLD,8.82
2030,2024-11,QLD,8.89
2031,2024-11,QLD,8.15
2032,2024-11,QLD,5.99
2033,2024-11,QLD,6.39
2034,2024-11,QLD,6.5
2035,2024-11,QLD,6.7
2036,2024-11,QLD,8.84
2037,2024-11,QLD,9.3
2038,2024-11,QLD,8.52
2039,2024-11,QLD,8.39
2040,2024-11,QLD,8.09
2041,2024-11,QLD,8.47
2042,2024-11,QLD,7.51
2043,2024-11,QLD,7.49
2044,2024-11,QLD,6.69
2045,2024-11,QLD,6.3
2046,2024-11,QLD,6.14
2047,2024-11,QLD,5.81
2048,2024-11,QLD,5.21
2049,2024-11,QLD,4.81
2050,2024-11,QLD,6.59
2051,2024-11,QLD,6.6
2052,2024-11,QLD,6.58
2053,2024-11,QLD,7.09
2054,2024-11,QLD,7.08
2055,2024-11,QLD,7.09
2056,2024-11,QLD,6.99
2057,2024-11,QLD,7.45
2058,2024-11,QLD,7.11
2059,2024-11,QLD,7.69
2060,2024-11,QLD,7.6
2025,2024-11,SA,9.01
2026,2024-11,SA,6.03
2027,2024-11,SA,7.93
2028,2024-11,SA,5.23
2029,2024-11,SA,5.17
2030,2024-11,SA,4.97
2031,2024-11,SA,5.84
2032,2024-11,SA,6.02
2033,2024-11,SA,6.64
2034,2024-11,SA,6.57
2035,2024-11,SA,6.57
2036,2024-11,SA,8.02
2037,2024-11,SA,8.34
2038,2024-11,SA,8.91
2039,2024-11,SA,8.65
2040,2024-11,SA,9.67
2041,2024-11,SA,8.85
2042,2024-11,SA,6.28
2043,2024-11,SA,6.09
2044,2024-11,SA,7.82
2045,2024-11,SA,6.39
2046,2024-11,SA,6.2
2047,2024-11,SA,6.5
2048,2024-11,SA,9.8
2049,2024-11,SA,8.57
2050,2024-11,SA,7.78
2051,2024-11,SA,8.06
2052,2024-11,SA,9.49
2053,2024-11,SA,8.02
2054,2024-11,SA,8.27
2055,2024-11,SA,8.91
2056,2024-11,SA,9.48
2057,2024-11,SA,8.89
2058,2024-11,SA,9.72
2059,2024-11,SA,9.28
2060,2024-11,SA,10.07
2025,2024-11,TAS,2.37
2026,2024-11,TAS,2.38
2027,2024-11,TAS,2.29
2028,2024-11,TAS,2.48
2029,2024-11,TAS,2.73
2030,2024-11,TAS,2.51
2031,2024-11,TAS,2.49
2032,2024-11,TAS,2.19
2033,2024-11,TAS,2.24
2034,2024-11,TAS,2.08
2035,2024-11,TAS,2.11
2036,2024-11,TAS,1.99
2037,2024-11,TAS,2.22
2038,2024-11,TAS,2.2
2039,2024-11,TAS,2.21
2040,2024-11,TAS,1.97
2041,2024-11,TAS,2.04
2042,2024-11,TAS,2.04
2043,2024-11,TAS,2.04
2044,2024-11,TAS,1.94
2045,2024-11,TAS,2.01
2046,2024-11,TAS,2.02
2047,2024-11,TAS,1.87
2048,2024-11,TAS,2.21
2049,2024-11,TAS,2.25
2050,2024-11,TAS,2.2
2051,2024-11,TAS,2.23
2052,2024-11,TAS,2.04
2053,2024-11,TAS,2.14
2054,2024-11,TAS,2.2
2055,2024-11,TAS,2.21
2056,2024-11,TAS,2.17
2057,2024-11,TAS,2.18
2058,2024-11,TAS,2.15
2059,2024-11,TAS,2.22
2060,2024-11,TAS,2.12
2025,2024-11,VIC,6.26
2026,2024-11,VIC,5.35
2027,2024-11,VIC,4.02
2028,2024-11,VIC,3.85
2029,2024-11,VIC,4.35
2030,2024-11,VIC,2.91
2031,2024-11,VIC,2.6
2032,2024-11,VIC,2.9
2033,2024-11,VIC,2.26
2034,2024-11,VIC,2.16
2035,2024-11,VIC,2.58
2036,2024-11,VIC,8.58
2037,2024-11,VIC,8.6
2038,2024-11,VIC,8.78
2039,2024-11,VIC,7.8
2040,2024-11,VIC,11.83
2041,2024-11,VIC,11.06
2042,2024-11,VIC,12.68
2043,2024-11,VIC,11.63
2044,2024-11,VIC,11.34
2045,2024-11,VIC,8.6
2046,2024-11,VIC,8.84
2047,2024-11,VIC,9.07
2048,2024-11,VIC,8.21
2049,2024-11,VIC,8.86
2050,2024-11,VIC,7.81
2051,2024-11,VIC,7.75
2052,2024-11,VIC,7.6
2053,2024-11,VIC,7.79
2054,2024-11,VIC,7.85
2055,2024-11,VIC,8.26
2056,2024-11,VIC,7.94
2057,2024-11,VIC,8.46
2058,2024-11,VIC,8.44
2059,2024-11,VIC,8.49
2060,2024-11,VIC,8.4
2026,2025-10,NSW,14.6511107687895
2027,2025-10,NSW,8.06725201278645
2028,2025-10,NSW,7.74220736800604
2029,2025-10,NSW,8.38317159854895
2030,2025-10,NSW,8.54998636756101
2031,2025-10,NSW,5.42980129069519
2032,2025-10,NSW,5.88468017791897
2033,2025-10,NSW,7.20941115953967
2034,2025-10,NSW,6.99975546800096
2035,2025-10,NSW,7.22867795512427
2036,2025-10,NSW,7.54980267885243
2037,2025-10,NSW,8.17065773982377
2038,2025-10,NSW,8.81727177433172
2039,2025-10,NSW,9.3265849759336
2040,2025-10,NSW,10.0909690076438
2041,2025-10,NSW,10.1003883369553
2042,2025-10,NSW,9.65806271371398
2043,2025-10,NSW,9.49308356986347
2044,2025-10,NSW,9.70896459407646
2045,2025-10,NSW,9.43481928192544
2046,2025-10,NSW,9.59098189247537
2047,2025-10,NSW,9.51142486174868
2048,2025-10,NSW,9.62622016474175
2049,2025-10,NSW,9.32304168836258
2050,2025-10,NSW,9.21049341883043
2051,2025-10,NSW,8.98890922733566
2052,2025-10,NSW,8.85906796114394
2053,2025-10,NSW,8.64044426087548
2054,2025-10,NSW,9.22629839717802
2055,2025-10,NSW,9.20394245448862
2056,2025-10,NSW,9.38660702252335
2057,2025-10,NSW,9.17277635212256
2058,2025-10,NSW,9.10188083725984
2059,2025-10,NSW,9.10510637666531
2060,2025-10,NSW,9.39733612270497
2026,2025-10,QLD,7.50578328104752
2027,2025-10,QLD,7.25959495449567
2028,2025-10,QLD,7.06185552489768
2029,2025-10,QLD,7.97737692005235
2030,2025-10,QLD,8.10768115690854
2031,2025-10,QLD,8.08248996302706
2032,2025-10,QLD,9.41143695899336
2033,2025-10,QLD,9.47597498734859
2034,2025-10,QLD,9.74270993108423
2035,2025-10,QLD,9.67569312542237
2036,2025-10,QLD,6.46995555786386
2037,2025-10,QLD,6.93444055187928
2038,2025-10,QLD,7.11935455583592
2039,2025-10,QLD,7.70509111841682
2040,2025-10,QLD,7.802722092825
2041,2025-10,QLD,7.11780508999352
2042,2025-10,QLD,6.79966168610989
2043,2025-10,QLD,6.68642019129042
2044,2025-10,QLD,6.89947789325731
2045,2025-10,QLD,5.99710794659979
2046,2025-10,QLD,6.00394867189991
2047,2025-10,QLD,5.91027234363318
2048,2025-10,QLD,5.43774955633926
2049,2025-10,QLD,5.63496176360023
2050,2025-10,QLD,5.52040480953571
2051,2025-10,QLD,5.6808746362302
2052,2025-10,QLD,5.64030942685367
2053,2025-10,QLD,5.75704440262159
2054,2025-10,QLD,5.94400351093801
2055,2025-10,QLD,5.87849662542438
2056,2025-10,QLD,5.92826267892135
2057,2025-10,QLD,6.17140738437991
2058,2025-10,QLD,5.93032900229984
2059,2025-10,QLD,5.69846811521257
2060,2025-10,QLD,5.99525704797407
2026,2025-10,SA,14.1891097735767
2027,2025-10,SA,12.7022229029113
2028,2025-10,SA,6.87169184979955
2029,2025-10,SA,8.76580645778424
2030,2025-10,SA,8.6757400746227
2031,2025-10,SA,8.67028219670944
2032,2025-10,SA,8.90990507673369
2033,2025-10,SA,9.1440621018667
2034,2025-10,SA,8.94832891814856
2035,2025-10,SA,8.89670629740749
2036,2025-10,SA,8.25162452105449
2037,2025-10,SA,7.82186377760735
2038,2025-10,SA,7.86920452966342
2039,2025-10,SA,7.91983857796861
2040,2025-10,SA,7.36979971277365
2041,2025-10,SA,7.66557122714593
2042,2025-10,SA,7.79412477511939
2043,2025-10,SA,7.24284223212961
2044,2025-10,SA,6.9683828916321
2045,2025-10,SA,6.79255980326793
2046,2025-10,SA,6.75469426659063
2047,2025-10,SA,6.49185405176248
2048,2025-10,SA,6.31927039588175
2049,2025-10,SA,6.70954076747532
2050,2025-10,SA,5.75421009699277
2051,2025-10,SA,5.70929154266724
2052,2025-10,SA,6.29272731460209
2053,2025-10,SA,5.82155896469426
2054,2025-10,SA,5.9010259828559
2055,2025-10,SA,5.97759925848748
2056,2025-10,SA,6.38715169509755
2057,2025-10,SA,6.2836544124833
2058,2025-10,SA,7.17657369537314
2059,2025-10,SA,7.20495303004834
2060,2025-10,SA,7.44340488888044
2026,2025-10,VIC,6.51903438443042
2027,2025-10,VIC,4.95717299749736
2028,2025-10,VIC,3.96882873577635
2029,2025-10,VIC,4.23108570498868
2030,2025-10,VIC,3.86896143807779
2031,2025-10,VIC,3.77569974381953
2032,2025-10,VIC,3.94860641815537
2033,2025-10,VIC,3.32808504924611
2034,2025-10,VIC,3.70228383359597
2035,2025-10,VIC,3.77019000284121
2036,2025-10,VIC,5.66482234517591
2037,2025-10,VIC,6.36906475141742
2038,2025-10,VIC,7.80047905302624
2039,2025-10,VIC,7.81293666026308
2040,2025-10,VIC,9.84667023720523
2041,2025-10,VIC,9.64024766755467
2042,2025-10,VIC,9.23234096062084
2043,2025-10,VIC,9.99268622653129
2044,2025-10,VIC,10.6978389699606
2045,2025-10,VIC,10.1986875931147
2046,2025-10,VIC,10.7641722724025
2047,2025-10,VIC,10.3832933344341
2048,2025-10,VIC,10.6237804325335
2049,2025-10,VIC,10.3686335678815
2050,2025-10,VIC,10.3079038852704
2051,2025-10,VIC,10.3422144063471
2052,2025-10,VIC,10.8356807392741
2053,2025-10,VIC,10.4421627633346
2054,2025-10,VIC,10.6660030807171
2055,2025-10,VIC,10.7444899258312
2056,2025-10,VIC,10.9198274598178
2057,2025-10,VIC,10.8726753604843
2058,2025-10,VIC,10.8544232433607
2059,2025-10,VIC,11.0281735112331
2060,2025-10,VIC,12.2577811991363
2026,2025-10,TAS,2.61655298984223
2027,2025-10,TAS,2.53963254893611
2028,2025-10,TAS,2.53801713103354
2029,2025-10,TAS,2.11219539076095
2030,2025-10,TAS,1.96521186870255
2031,2025-10,TAS,1.84089108433206
2032,2025-10,TAS,1.82304084721876
2033,2025-10,TAS,1.60685049441254
2034,2025-10,TAS,1.69879114783458
2035,2025-10,TAS,1.48557771036291
2036,2025-10,TAS,1.79394793275049
2037,2025-10,TAS,1.54535306451237
2038,2025-10,TAS,1.60754888253914
2039,2025-10,TAS,1.61114631085579
2040,2025-10,TAS,1.69113970519904
2041,2025-10,TAS,2.00284151280512
2042,2025-10,TAS,2.15899751005754
2043,2025-10,TAS,2.05298492182364
2044,2025-10,TAS,2.0268564777005
2045,2025-10,TAS,2.41113912098275
2046,2025-10,TAS,2.40556694832743
2047,2025-10,TAS,2.30839513791447
2048,2025-10,TAS,2.24742974608894
2049,2025-10,TAS,2.346868866254
2050,2025-10,TAS,2.27884447766651
2051,2025-10,TAS,2.32949310823948
2052,2025-10,TAS,2.08358843120156
2053,2025-10,TAS,2.1671924187597
2054,2025-10,TAS,2.51257832217646
2055,2025-10,TAS,2.55778953806897
2056,2025-10,TAS,2.23856532625228
2057,2025-10,TAS,2.51041857522242
2058,2025-10,TAS,2.32787930561003
2059,2025-10,TAS,2.32666613651854
2060,2025-10,TAS,2.07036178407147
2027,2026-Q1,NSW,8.76174802628989
2028,2026-Q1,NSW,8.29375375570214
2029,2026-Q1,NSW,8.60197898602434
2030,2026-Q1,NSW,8.49229133030411
2031,2026-Q1,NSW,5.31896592977043
2032,2026-Q1,NSW,5.96201473961519
2033,2026-Q1,NSW,6.764621480624
2034,2026-Q1,NSW,7.65731671961638
2035,2026-Q1,NSW,8.13692045408018
2036,2026-Q1,NSW,8.11299965559339
2037,2026-Q1,NSW,8.80465002844638
2038,2026-Q1,NSW,9.61246049809844
2039,2026-Q1,NSW,10.9908490522836
2040,2026-Q1,NSW,10.2359481568677
2041,2026-Q1,NSW,10.7093242921166
2042,2026-Q1,NSW,10.5704072717538
2043,2026-Q1,NSW,9.21834240818061
2044,2026-Q1,NSW,10.1449654222114
2045,2026-Q1,NSW,9.22487122230199
2046,2026-Q1,NSW,9.66569673432077
2047,2026-Q1,NSW,10.1287445964063
2048,2026-Q1,NSW,9.76354834636097
2049,2026-Q1,NSW,9.32995357081095
2050,2026-Q1,NSW,9.21710966459269
2051,2026-Q1,NSW,8.89970840604829
2052,2026-Q1,NSW,9.45208332066567
2053,2026-Q1,NSW,8.78173427456742
2054,2026-Q1,NSW,9.19673456636742
2055,2026-Q1,NSW,9.20167780833659
2056,2026-Q1,NSW,9.34293763714889
2057,2026-Q1,NSW,9.25167106258044
2058,2026-Q1,NSW,9.16458991837636
2059,2026-Q1,NSW,9.29010365590785
2060,2026-Q1,NSW,9.53797666152951
2027,2026-Q1,QLD,6.78293411044974
2028,2026-Q1,QLD,7.06499237245054
2029,2026-Q1,QLD,6.78343904231026
2030,2026-Q1,QLD,7.42307946384471
2031,2026-Q1,QLD,7.84201873965247
2032,2026-Q1,QLD,7.80003691448372
2033,2026-Q1,QLD,8.20619500607349
2034,2026-Q1,QLD,7.50170719751504
2035,2026-Q1,QLD,7.60802269090095
2036,2026-Q1,QLD,7.82131038883283
2037,2026-Q1,QLD,8.62639239965239
2038,2026-Q1,QLD,8.57734543029348
2039,2026-Q1,QLD,8.28475029933877
2040,2026-Q1,QLD,7.65598932632638
2041,2026-Q1,QLD,7.27621035060763
2042,2026-Q1,QLD,7.21860143186421
2043,2026-Q1,QLD,7.0622246908189
2044,2026-Q1,QLD,7.41245131529824
2045,2026-Q1,QLD,6.23091908525687
2046,2026-Q1,QLD,6.37071182377455
2047,2026-Q1,QLD,6.14273634832763
2048,2026-Q1,QLD,5.66200857982055
2049,2026-Q1,QLD,5.93737581361125
2050,2026-Q1,QLD,6.13108531681489
2051,2026-Q1,QLD,5.33741636326597
2052,2026-Q1,QLD,5.26597140705269
2053,2026-Q1,QLD,5.61866155785066
2054,2026-Q1,QLD,5.93322258707431
2055,2026-Q1,QLD,5.68990331590836
2056,2026-Q1,QLD,5.51378353596558
2057,2026-Q1,QLD,6.85885239090012
2058,2026-Q1,QLD,6.66546223268923
2059,2026-Q1,QLD,6.88833006314809
2060,2026-Q1,QLD,6.4592190438418
2027,2026-Q1,SA,13.6300870195079
2028,2026-Q1,SA,6.89139706447516
2029,2026-Q1,SA,8.67813434212642
2030,2026-Q1,SA,8.77980677671851
2031,2026-Q1,SA,8.48806868194812
2032,2026-Q1,SA,8.94913905688996
2033,2026-Q1,SA,8.65578701223822
2034,2026-Q1,SA,8.68689876119864
2035,2026-Q1,SA,8.83333395497841
2036,2026-Q1,SA,9.37353129600645
2037,2026-Q1,SA,8.59530500088708
2038,2026-Q1,SA,8.18379740346711
2039,2026-Q1,SA,8.16534578705149
2040,2026-Q1,SA,7.56325471311005
2041,2026-Q1,SA,8.23087936071251
2042,2026-Q1,SA,7.45461263543285
2043,2026-Q1,SA,7.13371932969009
2044,2026-Q1,SA,6.54665234811366
2045,2026-Q1,SA,6.35732861303449
2046,2026-Q1,SA,6.7395713790232
2047,2026-Q1,SA,6.60603757685832
2048,2026-Q1,SA,6.55901159210768
2049,2026-Q1,SA,6.61347548113128
2050,2026-Q1,SA,6.93179065492379
2051,2026-Q1,SA,5.90938123736344
2052,2026-Q1,SA,6.43602019025133
2053,2026-Q1,SA,5.69541792080429
2054,2026-Q1,SA,5.94994487679351
2055,2026-Q1,SA,6.06217677413494
2056,2026-Q1,SA,6.00198119868453
2057,2026-Q1,SA,6.52153737316332
2058,2026-Q1,SA,6.61817532783361
2059,2026-Q1,SA,6.75257904639255
2060,2026-Q1,SA,6.77320071965636
2027,2026-Q1,VIC,2.41962427730637
2028,2026-Q1,VIC,2.30022020656762
2029,2026-Q1,VIC,2.10467223426232
2030,2026-Q1,VIC,1.84956469256765
2031,2026-Q1,VIC,1.89029129169086
2032,2026-Q1,VIC,1.85905628998602
2033,2026-Q1,VIC,1.57414291629124
2034,2026-Q1,VIC,1.50315184202111
2035,2026-Q1,VIC,1.53836641154663
2036,2026-Q1,VIC,1.62369781948722
2037,2026-Q1,VIC,1.81675047238164
2038,2026-Q1,VIC,1.79425619317748
2039,2026-Q1,VIC,1.84307024227724
2040,2026-Q1,VIC,1.85832592451367
2041,2026-Q1,VIC,1.99287549104671
2042,2026-Q1,VIC,2.25547636013687
2043,2026-Q1,VIC,2.2657822444751
2044,2026-Q1,VIC,2.10906348846672
2045,2026-Q1,VIC,2.32463540448672
2046,2026-Q1,VIC,2.35790281658474
2047,2026-Q1,VIC,2.32429676001081
2048,2026-Q1,VIC,2.37598842866688
2049,2026-Q1,VIC,2.54405352767625
2050,2026-Q1,VIC,2.45842992971295
2051,2026-Q1,VIC,2.43947351986456
2052,2026-Q1,VIC,2.17747170539193
2053,2026-Q1,VIC,2.301632670818
2054,2026-Q1,VIC,2.48699582696008
2055,2026-Q1,VIC,2.53514317664335
2056,2026-Q1,VIC,2.08637885672587
2057,2026-Q1,VIC,2.60239789479069
2058,2026-Q1,VIC,2.50184884160414
2059,2026-Q1,VIC,2.65989119932488
2060,2026-Q1,VIC,2.29224182320551
2027,2026-Q1,TAS,4.96839386612077
2028,2026-Q1,TAS,3.97797729094407
2029,2026-Q1,TAS,4.17815842309392
2030,2026-Q1,TAS,3.86261641760744
2031,2026-Q1,TAS,3.76113627287582
2032,2026-Q1,TAS,3.83267512275105
2033,2026-Q1,TAS,3.28683544827982
2034,2026-Q1,TAS,3.69232316299142
2035,2026-Q1,TAS,3.75692438780134
2036,2026-Q1,TAS,5.51527102250961
2037,2026-Q1,TAS,6.00603899600986
2038,2026-Q1,TAS,7.09445713490061
2039,2026-Q1,TAS,8.19740093888634
2040,2026-Q1,TAS,10.0419509244572
2041,2026-Q1,TAS,10.0696831033525
2042,2026-Q1,TAS,9.34123915295888
2043,2026-Q1,TAS,10.0181726280221
2044,2026-Q1,TAS,10.9316641689391
2045,2026-Q1,TAS,10.553451518694
2046,2026-Q1,TAS,10.352069636351
2047,2026-Q1,TAS,10.6089725048444
2048,2026-Q1,TAS,10.7666069092934
2049,2026-Q1,TAS,10.5291899961169
2050,2026-Q1,TAS,10.5344326809387
2051,2026-Q1,TAS,11.5040147336057
2052,2026-Q1,TAS,10.9584875420226
2053,2026-Q1,TAS,10.4561010733607
2054,2026-Q1,TAS,10.7200111880137
2055,2026-Q1,TAS,10.8504507133019
2056,2026-Q1,TAS,10.9236743857356
2057,2026-Q1,TAS,11.1589330822725
2058,2026-Q1,TAS,11.0704094711902
2059,2026-Q1,TAS,11.3413529370645
2060,2026-Q1,TAS,12.517665973497
